,author,title,description,url,urlToImage,publishedAt,content,source.id,source.name
0,Thomas Claburn,We talk to W3C vice chair Robin Berjon about the InterPlanetary File System,"The decentralized web is alive and well despite Web3 financial scheming
Interview The InterPlanetary File System (IPFS) debuted nine years ago with the hope of changing the way people interact with content online. It remains an ongoing project.…",https://www.theregister.com/2024/03/15/interview_robin_berjon_and_the_ipfs/,https://regmedia.co.uk/2023/08/16/shutterstock_filesystem.jpg,2024-03-15T15:30:09Z,"Interview The InterPlanetary File System (IPFS) debuted nine years ago with the hope of changing the way people interact with content online. It remains an ongoing project.
IPFS is part of what's kn… [+12258 chars]",,Theregister.com
1,"Cleve Mesidor, Contributor, 
 Cleve Mesidor, Contributor
 https://www.forbes.com/sites/clevemesidor/",Next Gen Women At Forefront Of Crypto Policy,"As Women’s HERstory Month comes to a close, diverse, female members of Generations Y and Z stand out for their work to advance Web3, DeFi regulatory policy in Washington.",https://www.forbes.com/sites/digital-assets/2024/03/29/next-gen-women-at-forefront-of-crypto-policy/,https://imageio.forbes.com/specials-images/imageserve/6606c39c5d1ed06a12b8d747/0x0.jpg?format=jpg&height=900&width=1600&fit=bounds,2024-03-29T15:26:49Z,"UNITED STATES - JUNE 23: A female member of congress walks up the House steps for the first vote of ... [+] the day in the Capitol on Wednesday, June 23, 2021. (Photo by Bill Clark/CQ-Roll Call, Inc … [+1902 chars]",,Forbes
2,"Lawrence Wintermeyer, Contributor, 
 Lawrence Wintermeyer, Contributor
 https://www.forbes.com/sites/lawrencewintermeyer/","15 Months After FTX, Trust In Web3 Technology Has Never Been Stronger",The surge of institutional interest in digital assets and blockchain technology over recent months has come as a surprise to many as greater trust is built in Web3.,https://www.forbes.com/sites/lawrencewintermeyer/2024/03/21/15-months-after-ftx-trust-in-web3-technology-has-never-been-stronger/,https://imageio.forbes.com/specials-images/imageserve/65fbf29bcd467aad2075f896/0x0.jpg?format=jpg&height=900&width=1600&fit=bounds,2024-03-21T13:40:16Z,"MANHATTAN, NEW YORK, UNITED STATES - 2021/10/18: BlackRock offices in New York City. Founded in ... [+] 1988, BlackRock, Inc. is an US multinational investment management corporation. (Photo by Erik … [+9828 chars]",,Forbes
3,cryptonews.com,This New $5M Fund Aims to Scale Bitcoin-Aligned Projects in India,"Core Foundation has announced a $5 million innovation fund to promote India’s Web3 communities. The move comes at a time when the country is fast emerging as a global hub for web3 innovation. Announced on Thursday, the fund aims to further India’s decentraliz…",https://biztoc.com/x/4ef5dde59e4756ba,https://c.biztoc.com/p/4ef5dde59e4756ba/s.webp,2024-03-11T01:10:15Z,Core Foundation has announced a $5 million innovation fund to promote Indias Web3 communities. The move comes at a time when the country is fast emerging as a global hub for web3 innovation.Announced… [+295 chars],,Biztoc.com
4,"Victoria Chynoweth, Contributor, 
 Victoria Chynoweth, Contributor
 https://www.forbes.com/sites/victoriachynoweth/",Creative Strategies Are Helping Asian VCs Stand Out To Web3 Investors,"Asia is becoming a battleground for startups and for VCs and investment funds focused on the potential of blockchain, decentralized finance (DeFi), and Web3.",https://www.forbes.com/sites/digital-assets/2024/03/18/creative-strategies-are-helping-asian-vcs-stand-out-to-web3-investors/,https://imageio.forbes.com/specials-images/imageserve/65f85a287a12ebb47aaa7479/0x0.jpg?format=jpg&height=900&width=1600&fit=bounds,2024-03-18T15:17:51Z,"This photo taken on May 27, 2023 shows a woman passing a cryptocurrency exchange office in Hong ... [+] Kong. Retail investors in Hong Kong may soon be able to buy popular cryptocurrencies like bitco… [+5975 chars]",,Forbes
5,"Zenger News, Contributor, 
 Zenger News, Contributor
 https://www.forbes.com/sites/zengernews/",Bril Finance Pioneers New Epoch Of Yield Optimization In Web3,"Bril Finance leads yield optimization with a focus on transparency and user experience, leveraging blockchain for secure, efficient returns, and an industry model.",https://www.forbes.com/sites/zengernews/2024/03/21/bril-finance-pioneers-new-epoch-of-yield-optimization-in-web3/,https://imageio.forbes.com/specials-images/imageserve/65fbf400583b50d6a95af72c/0x0.jpg?format=jpg&height=900&width=1600&fit=bounds,2024-03-21T10:01:22Z,"By: Christos Makridis
Yield optimization has emerged as a critical area of opportunity, ripe for disruption, in the rapidly evolving landscape of decentralized finance (DeFi). As blockchain technolo… [+9959 chars]",,Forbes
6,cryptopotato.com,Avail Partners With dWallet Network To Introduce Native Bitcoin Rollups to Web3,"[PRESS RELEASE – Dubai, United Arab Emirates, April 2nd, 2024] Following the integration, users will be able to natively manage their BTC on any rollup in the Avail ecosystem without relinquishing control over their digital assets Avail, a modular blockchain …",https://biztoc.com/x/e1f5635a3792b0c8,https://c.biztoc.com/p/e1f5635a3792b0c8/s.webp,2024-04-02T13:30:08Z,"[PRESS RELEASE Dubai, United Arab Emirates, April 2nd, 2024]Following the integration, users will be able to natively manage their BTC on any rollup in the Avail ecosystem without relinquishing contr… [+300 chars]",,Biztoc.com
7,"Max (Chong) Li, Contributor, 
 Max (Chong) Li, Contributor
 https://www.forbes.com/sites/maxli/",How Crypto AI Projects Set Themselves Apart From Web2 AI Giants,"Web2 AI companies improve AI productivity, while Web3 AI companies transform AI production relationships.",https://www.forbes.com/sites/digital-assets/2024/03/31/how-crypto-ai-projects-set-themselves-apart-from-web2-ai-giants/,https://imageio.forbes.com/specials-images/imageserve/660967ed2c0a29752a38064f/0x0.jpg?format=jpg&height=900&width=1600&fit=bounds,2024-03-31T13:58:16Z,"OpenAI CEO Sam Altman speaks during the OpenAI DevDay event on November 06, 2023 in San Francisco, ... [+] California.
Getty Images
A few days ago, an exciting piece of news emerged in the Web3/Cry… [+4936 chars]",,Forbes
8,"John Hyatt, Forbes Staff, 
 John Hyatt, Forbes Staff
 https://www.forbes.com/sites/johnhyatt/",The Richest Crypto And Bitcoin Billionaires In The World 2024,Meet the 17 investors and entrepreneurs who made ten-digit fortunes on the blockchain.,https://www.forbes.com/sites/johnhyatt/2024/04/02/the-richest-crypto-and-bitcoin-billionaires-in-the-world-2024/,"https://imageio.forbes.com/specials-images/imageserve/660b0af9f353936322abad16/0x0.jpg?format=jpg&crop=1920,1079,x0,y0,safe&height=900&width=1600&fit=bounds",2024-04-02T10:00:00Z,"Meet the 17 investors and entrepreneurs who made ten-digit fortunes on the blockchain.
The crypto winter is over. Bitcoin has more than doubled over the past 12 months, hitting an all-time high of $… [+12220 chars]",,Forbes
9,"Zenger News, Contributor, 
 Zenger News, Contributor
 https://www.forbes.com/sites/zengernews/",‘The Halvening NYC’ – Bitcoin’s Return On NFT NYC’s Opening Night,"'The Halvening NYC' by Nolcha Shows debuts at NFT NYC 2024, celebrating Bitcoin's halving and Ordinals innovation in the areas of art, mining, and tech converge.",https://www.forbes.com/sites/zengernews/2024/04/03/the-halvening-nyc--bitcoins-return-on-nft-nycs-opening-night/,https://imageio.forbes.com/specials-images/imageserve/6606711f8fbf88a6fb06a64f/0x0.jpg?format=jpg&height=900&width=1600&fit=bounds,2024-04-03T14:00:00Z,"By: Christos Makridis
As the web3 community gears up for NFT NYC 2024, Nolcha Shows is organizing The Halvening NYC, a nod to Bitcoins quadrennial halving of mining rewards slated to occur around Ap… [+6599 chars]",,Forbes
10,"Sandy Carter, Contributor, 
 Sandy Carter, Contributor
 https://www.forbes.com/sites/sandycarter/","5 New Advancements In AI And Web3 -Meme Coins, Base, Bitcoin Halving","Five key developments demand our attention: Base’s emergence as a powerhouse Layer-2 solution, the economically significant rise of memecoins, the strategic importance...",https://www.forbes.com/sites/digital-assets/2024/03/28/5-new-advancements-in-ai-and-web3-meme-coins-base-bitcoin-halving/,https://imageio.forbes.com/specials-images/imageserve/6605a18c9f4dbfe5587f0b07/0x0.jpg?format=jpg&height=900&width=1600&fit=bounds,2024-03-28T17:17:22Z,"A sticker advertising Dogecoin on a cryptocurrency automated teller machine (ATM) at a laundromat in ... [+] Hong Kong, China, on Thursday, June 9, 2022. Tesla Inc. Chief Executive Elon Musk expresse… [+13800 chars]",,Forbes
11,"Billy Bambrough, Senior Contributor, 
 Billy Bambrough, Senior Contributor
 https://www.forbes.com/sites/billybambrough/","Coinbase Revealed To Be Backing BlackRock’s ‘$5 Trillion By 2030’ Crypto Game-Changer After Bitcoin, Ethereum And XRP Price Pump","BlackRock has revealed the next stage in its plan for a ""technological revolution in the financial markets"" that could cause a bitcoin, ethereum, XRP and crypto price earthquake...",https://www.forbes.com/sites/digital-assets/2024/03/22/fed-triggers-a-huge-bitcoin-price-pump-as-blackrock-quietly-launches-5-trillion-by-2030-game-changer-that-could-boost-ethereum-xrp-and-crypto/,https://imageio.forbes.com/specials-images/imageserve/65d9e250fa2ec476574d12e6/0x0.jpg?format=jpg&height=900&width=1600&fit=bounds,2024-03-22T12:22:32Z,"03/22 update below. This post was originally published on March 20
BitcoinBTC
 has suddenly shot higher, erasing $100 billion of losses from a crypto crash that came amid fears the Biden administra… [+5779 chars]",,Forbes
12,"Lyllah Ledesma, Omkar Godbole",First Mover Americas: BTC's Drop Below $62K Is the Biggest Single-Day Loss Since FTX’s Collapse,"The latest price moves in bitcoin (BTC) and crypto markets in context for March 20, 2024. First Mover is CoinDesk’s daily newsletter that contextualizes the latest actions in the crypto markets.",https://www.coindesk.com/markets/2024/03/20/first-mover-americas-btcs-drop-below-62k-is-the-biggest-single-day-loss-since-ftxs-collapse/,https://www.coindesk.com/resizer/IkFUxyWVRIi1Jo3cPQN8Y1ofLBM=/1200x628/center/middle/cloudfront-us-east-1.images.arcpublishing.com/coindesk/RCWLBKLVLJDD3PHIR4RA57XKOA.jpg,2024-03-20T12:31:02Z,"This article originally appeared in First Mover, CoinDesk's daily newsletter, putting the latest moves in crypto markets in context. Subscribe to get it in your inbox every day.
Bitcoins (BTC) price… [+3179 chars]",,CoinDesk
13,"Billy Bambrough, Senior Contributor, 
 Billy Bambrough, Senior Contributor
 https://www.forbes.com/sites/billybambrough/","Fed Triggers A Huge Bitcoin Price Pump As BlackRock Quietly Launches ‘$5 Trillion By 2030’ Game-Changer That Could Boost Ethereum, XRP And Crypto","BlackRock has revealed the next stage in its plan for a ""technological revolution in the financial markets"" that could cause a bitcoin, ethereum, XRP and crypto price earthquake...",https://www.forbes.com/sites/digital-assets/2024/03/20/fed-triggers-a-huge-bitcoin-price-pump-as-blackrock-quietly-launches-5-trillion-by-2030-game-changer-that-could-boost-ethereum-xrp-and-crypto/,https://imageio.forbes.com/specials-images/imageserve/65d9e250fa2ec476574d12e6/0x0.jpg?format=jpg&height=900&width=1600&fit=bounds,2024-03-20T20:56:11Z,"Bitcoin has suddenly shot higher, erasing $100 billion of losses from a crash that came amid fears the Biden administration could be trying to ""kill"" crypto.
Subscribe now to Forbes' CryptoAsset &am… [+4841 chars]",,Forbes
14,"Sandy Carter, Contributor, 
 Sandy Carter, Contributor
 https://www.forbes.com/sites/sandycarter/",Behind The Scenes And Beyond Hype: What We Learned About AI At SXSW,"SXSW had over 1500 sessions on AI, lots of startup competitions, and groups focused on more women in Web3 and AI. It's all about innovation.",https://www.forbes.com/sites/digital-assets/2024/03/15/behind-the-scenes-and-beyond-hype-what-we-learned-about-ai-at-sxsw/,https://imageio.forbes.com/specials-images/imageserve/65f49d46c292062e8a940bb3/0x0.jpg?format=jpg&height=900&width=1600&fit=bounds,2024-03-15T20:01:05Z,Hugh Forrest at Opening Session: Explore Space &amp; Poetry With NASA &amp; Poet Laureate Ada Limón as part ... [+] of SXSW 2024 Conference and Festivals held at the Austin Convention Center on March… [+12840 chars],,Forbes
15,"Roomy Khan, Contributor, 
 Roomy Khan, Contributor
 https://www.forbes.com/sites/roomykhan/",Airdrops: Marketing Genius Fueling The Crypto Renaissance,"Following the launch of BTC ETFs, the investment fervor and capital influx have been remarkable, attracting over $10 billion into these instruments and cementing Bitco...",https://www.forbes.com/sites/roomykhan/2024/03/13/airdrops-marketing-genius-fueling-the-crypto-renaissance/,https://imageio.forbes.com/specials-images/imageserve/65f0841de388c6b43db94f7f/0x0.jpg?format=jpg&height=900&width=1600&fit=bounds,2024-03-13T14:23:44Z,"Web3 world wide web based on blockchain incorporating decentralization and token based economics
getty
The dramatic rise in Bitcoin and cryptocurrencies between 2023 and 2024, fueled by the long-aw… [+10139 chars]",,Forbes
16,Jim Myers,Open Data: The Unfulfilled Promise of Blockchain,"On-chain analytics platforms should strive to make their core data more accessible to all rather than arbitrarily gated, Flipside Crypto co-founder Jim Myers writes.",https://www.coindesk.com/consensus-magazine/2024/03/13/open-data-the-unfulfilled-promise-of-blockchain/,https://www.coindesk.com/resizer/hf2U6xt4C_s7UmXOtaWw-CWVsac=/1200x628/center/middle/cloudfront-us-east-1.images.arcpublishing.com/coindesk/3HYUT22LURBYJNG5KXBUJZL2PI.jpg,2024-03-13T21:21:59Z,"Since its advent over a decade ago, blockchain technology has made grand promises of decentralization, disintermediation and radical transparency. Underpinning such visionary rhetoric, however, lies … [+6257 chars]",,CoinDesk
17,"Sarah Morton, Alex Tapscott",Crypto for Advisors: The Investment Case of Bitcoin vs. Ether,"With the dual tailwind of bitcoin ETF flows and the upcoming halving, is bitcoin the best bet? Not so fast. Ethereum, the next biggest crypto asset by market cap, has a case of its own to make.",https://www.coindesk.com/business/2024/03/14/crypto-for-advisors-the-investment-case-of-bitcoin-vs-ether/,https://www.coindesk.com/resizer/IhwttgGmS0Lb4oSFYNe3P5U9p1I=/1200x628/center/middle/cloudfront-us-east-1.images.arcpublishing.com/coindesk/LS5QVUSQINCGZJB7AYOPI7VUNA.jpg,2024-03-14T15:45:00Z,"We continue to watch the unprecedented inflows into the spot bitcoin ETFs, as AUM exceeded $55 billion and bitcoin reached larger than silver status. Alex Tapscott
, author of Web3: Charting the Int… [+7732 chars]",,CoinDesk
18,Will Canny,Coinbase Is More Than Just a Crypto Exchange: JMP Securities,"Momentum continues to build in the company’s ancillary businesses, the report said.",https://www.coindesk.com/business/2024/03/22/coinbase-is-more-than-just-a-crypto-exchange-jmp-securities/,https://www.coindesk.com/resizer/KqkXpU5PavQPaIhjG3Alf9TyoeY=/1200x628/center/middle/cloudfront-us-east-1.images.arcpublishing.com/coindesk/CUUIMP4BQBGGLEUYV3WIL6HAEU.jpg,2024-03-22T12:55:21Z,"Still, relative to the growth opportunity in the exchange and custody offerings, we see a just as exciting of an opportunity in the development of blockchain use cases today and expect Coinbase to pa… [+822 chars]",,CoinDesk
19,Bradley Keoun,The Protocol: Using the Money Printer,"If you have the money printer – as is the case for many of the blockchain projects with the power to create their own digital tokens – why wouldn't you use it? PLUS: Vitalik Buterin riffs on meme coin and Ethereum's new ""blob market.""",https://www.coindesk.com/tech/2024/04/03/the-protocol-using-the-money-printer/,https://www.coindesk.com/resizer/zS6V6YAuCH9fDYRCxM9FNHqMFQY=/1200x628/center/middle/cloudfront-us-east-1.images.arcpublishing.com/coindesk/YQCWHERIPZAJDDRIXZCZC5A724.jpg,2024-04-03T19:29:43Z,"One thing blockchain teams succeeded in long ago: coopting the money printer, from the initial coin offerings, or ICOs, in the late 2010s, to the current-vintage ""token generation events,"" or TGEs. I… [+12742 chars]",,CoinDesk
20,Bradley Keoun,The Protocol: Meme Coins (and Pepe's Best Friend) Swarm Coinbase Layer 2 Chain,"The meme coin frenzy that drove up activity – and failed transactions – on Solana appears to have quickly migrated to Base, Coinbase's six-month-old layer-2 blockchain. Who is the blue-faced creature behind the $BRETT token?",https://www.coindesk.com/tech/2024/03/27/the-protocol-meme-coins-and-pepes-best-friend-swarm-coinbase-layer-2-chain/,https://www.coindesk.com/resizer/OdmMt74qXZkuuuqYBZLQLzb7CzA=/1200x628/center/middle/cloudfront-us-east-1.images.arcpublishing.com/coindesk/STJX6PNP4BDCDFIWZQOUQ3AMGY.jpg,2024-03-27T19:22:43Z,"What's a blue toad got to do with blockchain, if it even is a blue toad? The short answer is meme coin trading on Coinbase's layer-2 blockchain, Base. Read on.
Also in this week's The Protocol:
<ul… [+14151 chars]",,CoinDesk
21,Marvie Basilan,Paradigm Reportedly In Talks To Raise Up To $850M For Crypto Venture Fund,"Paradigm, which invested $278 million into the collapsed FTX, is reportedly in talks to raise up to $850 million for a new crypto fund that could further propel the web3 ecosystem forward.",https://www.ibtimes.com/paradigm-reportedly-talks-raise-850m-crypto-venture-fund-3728785,https://d.ibtimes.com/en/full/4506204/1.jpg,2024-04-03T09:49:32Z,"KEY POINTS
<ul><li>It would be the largest crypto-focused fund yet since Andreessen Horowitz's $4.5 billion in 2022</li><li>Paradigm's largest funding drive was in November 2021 at $2.5 billion</li>… [+2735 chars]",,International Business Times
22,David Penn,"Tales from the Crypto: Base Backup, Blockchain Payments Secure Funding, Crypto-Friendly Alums","This week in Tales from the Crypto we look at the boom-induced traffic jam in crypto coin trading, new funding for a blockchain payment network in the developing world, and a pair of new crypto-friendly alums that demoed at FinovateEurope last month. Base Bac…",https://finovate.com/tales-from-the-crypto-base-backup-blockchain-payments-secure-funding-crypto-friendly-alums/,https://finovate.com/wp-content/uploads/2024/03/fabio-oyXis2kALVg-unsplash-scaled.jpg,2024-03-20T19:33:48Z,"This week in Tales from the Crypto we look at the boom-induced traffic jam in crypto coin trading, new funding for a blockchain payment network in the developing world, and a pair of new crypto-frien… [+6908 chars]",,Finovate.com
23,Sam Kessler,The Protocol: Is Ethereum's Dencun Update All It's Cracked Up To Be?,Some developers think that shifting the Ethereum ecosystem further towards layer 2 networks could risk setting it down the wrong path.,https://www.coindesk.com/tech/2024/03/13/the-protocol-is-ethereums-dencun-update-all-its-cracked-up-to-be/,https://www.coindesk.com/resizer/4yGtWHUdG9fjGegX5AEUqCGaq-k=/1200x628/center/middle/cloudfront-us-east-1.images.arcpublishing.com/coindesk/A6QRT23SNVHVHIN2DMEW3J25VI.jpg,2024-03-13T20:00:06Z,"The main news this week centers around today's Ethereum upgrade, Dencun, which marks the blockchain's biggest technical shift in over a year. As CoinDesk's Margaux Nijkerk reports,
 the upgrade coul… [+15411 chars]",,CoinDesk
24,Jacquelyn Melinek,"Solana memecoin hype continues, Backpack’s beta phase was a success and Starbucks axes its NFT program","Welcome to TechCrunch Crypto, formerly known as Chain Reaction.  This week, Starbucks killed its Odyssey NFT program that was launched in 2022, Solana...",https://techcrunch.com/2024/03/21/okx-halts-services-in-india-solana-memecoin-hype-continues-backpacks-beta-phase-was-a-success-and-starbucks-axes-its-nft-program/,https://s.yimg.com/ny/api/res/1.2/ePu68BsIxlKcXIa38IWleQ--/YXBwaWQ9aGlnaGxhbmRlcjt3PTEyMDA7aD03NTA-/https://media.zenfs.com/en/techcrunch_350/49433cc9f0b1eba34620080b2fb14b45,2024-03-21T19:00:11Z,"Welcome to TechCrunch Crypto, formerly known as Chain Reaction.
To get a roundup of TechCrunchs biggest and most important crypto stories delivered to your inbox every Thursday at 12 p.m. PT, subscr… [+3943 chars]",techcrunch,TechCrunch
25,Marvie Basilan,Web3 Messaging Platform Beoble's X Account Compromised By Phishing Hackers,"Beoble's official X account has been compromised, marking another incident of hacking by actors posting phishing website links on the official handles of crypto companies.",https://www.ibtimes.com/web3-messaging-platform-beobles-x-account-compromised-phishing-hackers-3726985,https://d.ibtimes.com/en/full/4488029/1.jpg,2024-03-12T10:51:31Z,"KEY POINTS
<ul><li>PeckShield warned users not to click on phishing links posted by the actors on Beoble's account</li><li>The Beoble team later confirmed the compromise, urging users not to interac… [+3163 chars]",,International Business Times
26,Nick Dunn,Top Crypto Gainers on 19 March – SCS and NULLS,"The crypto market capitalization at large has fallen by 7.57% today to $2.37 trillion. A notable factor suspected to be responsible for this dip is Bitcoin’s dip to the $63,200 level....
The post Top Crypto Gainers on 19 March – SCS and NULLS appeared first o…",https://techreport.com/crypto-news/top-crypto-gainers-on-march-19-scs-nulls/,https://techreport.com/wp-content/uploads/2024/03/types-of-cryptocurrencies-2.jpg?_t=1710898423,2024-03-20T01:33:41Z,"The crypto market capitalization at large has fallen by 7.57% today to $2.37 trillion. A notable factor suspected to be responsible for this dip is Bitcoins dip to the $63,200 level. 
As the market … [+10909 chars]",,Techreport.com
27,Marvie Basilan,Nearly $239M Lost So Far In 2024 From Crypto Private Key Hacks: CertiK,"The cryptocurrency kingdom has lost some $239 million worth of digital assets in just four months in 2024 to private key compromises, indicating that threat actors will continue to use this specific attack vector to steal funds from even the biggest crypto fi…",https://www.ibtimes.com/nearly-239m-lost-so-far-2024-crypto-private-key-hacks-certik-3728007,https://d.ibtimes.com/en/full/4488029/1.jpg,2024-03-25T05:06:27Z,"KEY POINTS
<ul><li>During Q1 2023, PKC losses were at $18.8 million, meaning Q1 2024 saw a jump of 1,160% in dollar value loss</li><li>Ripple Labs' Chris Larsen was the biggest target of PKC actors … [+2717 chars]",,International Business Times
28,Kyt Dotson,Resonance launches ‘full-spectrum’ cybersecurity platform for Web3 projects,"Resonance Security Inc., a “full-spectrum” Web3 cybersecurity provider, today announced the launch of its full-featured platform for Web3 projects that integrates best practices for both blockchain security and traditional application security into one servic…",https://siliconangle.com/2024/03/14/resonance-launches-full-spectrum-cybersecurity-platform-web3-projects/,https://d15shllkswkct0.cloudfront.net/wp-content/blogs.dir/1/files/2021/12/network-g714c9891c_1280.jpg,2024-03-14T17:35:29Z,"Resonance Security Inc., a full-spectrum Web3 cybersecurity provider, today announced the launch of its full-featured platform for Web3 projects that integrates best practices for both blockchain sec… [+3196 chars]",,SiliconANGLE News
29,Marvie Basilan,Robinhood Expands Crypto Wallet Access To Android Users Globally,"The Robinhood Wallet is now available for all Android users around the globe, marking another milestone in the financial services company's cryptocurrency business.",https://www.ibtimes.com/robinhood-expands-crypto-wallet-access-android-users-globally-3727693,https://d.ibtimes.com/en/full/4402046/logo-robinhood-markets-inc-seen-pop-event-wall-street-after-companys-ipo-new-york-city.jpg,2024-03-21T04:44:44Z,"KEY POINTS
<ul><li>The Robinhood Wallet has been downloaded over 10,000 times since its launch earlier Wednesday</li><li>Android users can now swap thousands of tokens across various chains through … [+3188 chars]",,International Business Times
30,Nick Dunn,"Top Crypto Gainers on 14 March – BONK, PEPE, and JUP","The Crypto market’s pioneering virtual currency, Bitcoin (BTC), touched the $73,000 mark yesterday, marking a new significant high amid its historical price action. This bullish momentum has sparked a frenzy...
The post Top Crypto Gainers on 14 March – BONK, …",https://techreport.com/crypto-news/top-crypto-gainers-on-14-march-bonk-pepe-jup/,https://techreport.com/wp-content/uploads/2024/02/Cryptocurrencies-6-1.jpg?_t=1710486940,2024-03-15T07:02:23Z,"The Crypto markets pioneering virtual currency, Bitcoin (BTC), touched the $73,000 mark yesterday, marking a new significant high amid its historical price action. This bullish momentum has sparked a… [+10169 chars]",,Techreport.com
31,Marvie Basilan,Liquid Staking Protocol Prisma Finance Exploited For $11.6 Million,"Prisma Finance has been exploited for $11.6 million, blockchain security firms revealed Thursday. The protocol confirmed the exploit but has yet to provide further details about the smart contract hack.",https://www.ibtimes.com/liquid-staking-protocol-prisma-finance-exploited-116-million-3728409,https://d.ibtimes.com/en/full/4500602/computer-hacker.png,2024-03-29T05:16:56Z,"KEY POINTS
<ul><li>PeckShield and Cyvers detected the exploit then tagged Prisma on X</li><li>Prisma's engineering contributors have since paused the protocol and an investigation is underway</li><l… [+3373 chars]",,International Business Times
32,Tim Danton,"35 years after first proposing the World Wide Web, what does its creator Tim Berners-Lee have in mind next?","After seeing the balance of power shift to large corporations and big tech companies, the founder of the World Wide Web is determined to give users control over their data again.",https://www.livescience.com/technology/communications/35-years-after-first-proposing-the-world-wide-web-what-does-its-creator-tim-berners-lee-have-in-mind-next-inrupt,https://cdn.mos.cms.futurecdn.net/bsrcxhZ7ai2jgn689Xzq7X-1200-80.jpg,2024-03-12T12:41:42Z,"When computer scientist Tim Berners-Lee
 sent a memo detailing his idea of a ""distributed hypertext system""
 on March 12, 1989, it was largely ignored by his colleagues at CERN, the European Organi… [+5927 chars]",,Live Science
33,Marvie Basilan,"Crypto-Related Exploits, Hacks, Scams Reach Over $79M In March : CertiK","CertiK said in its March 2024 report that the confirmed crypto-related exploits during the month resulted in over $52 million in losses, further highlighting the evolving ways through which threat actors leverage vulnerabilities in the cryptocurrency sector.",https://www.ibtimes.com/crypto-related-exploits-hacks-scams-reach-over-79m-march-certik-3728597,https://d.ibtimes.com/en/full/4488048/3.jpg,2024-04-01T07:39:53Z,"KEY POINTS
<ul><li>The total crypto-related hacks and scams in March reached $79 million</li><li>Flash loan attacks accounted for $21.9 million in losses in March</li><li>CertiK said last week that … [+2925 chars]",,International Business Times
34,Daily Contributors,Owning Versus Renting – The Circumstances of Web3 Domains,"By Daily Contributors
Last week, Charles Dray from Resonance Security organized a meeting for me with Davide Vicini, the CEO of Freename, which is a company in…
This is a post from HackRead.com Read the original post: Owning Versus Renting – The Circumstances…",https://www.hackread.com/owning-versus-renting-circumstances-web3-domains/,https://www.hackread.com/wp-content/uploads/2024/03/owning-versus-renting-circumstances-web3-domains.jpg,2024-03-19T17:50:05Z,"Last week, Charles Dray from Resonance Security organized a meeting for me with Davide Vicini, the CEO of Freename, which is a company in the Web3 domain name space.
We chatted for five minutes abou… [+5859 chars]",,HackRead
35,Jake Simmons,"Bitcoin-Powered Core DAO (CORE) Skyrockets By 220%, Here’s Why","Core DAO (CORE), the cryptocurrency behind the Core blockchain, has seen its price skyrocket by 220% over the last week, marking a significant milestone in its market performance. As of the last 24 hours, CORE has seen an additional 63% increase, accumulating…",http://www.newsbtc.com/news/bitcoin-powered-core-dao-core-skyrockets-by-220/,https://www.newsbtc.com/wp-content/uploads/2024/04/DALL·E-2024-04-01-14.48.57-A-majestic-space-shuttle-embarks-on-a-journey-into-the-cosmos-its-main-engines-igniting-with-a-bright-fiery-glow-against-a-deep-twilight-sky.-Plumes.png,2024-04-01T12:51:19Z,"Core DAO (CORE), the cryptocurrency behind the Core blockchain, has seen its price skyrocket by 220% over the last week, marking a significant milestone in its market performance. As of the last 24 h… [+3329 chars]",,newsBTC
36,Marvie Basilan,FixedFloat Suffers Another Exploit By The Same Hackers; Tether Blacklists Hack-Linked Addresses,FixedFloat suffered another exploit by the same hackers that took $26 million in BTC and ETH from the exchange.,https://www.ibtimes.com/fixedfloat-suffers-another-exploit-same-hackers-tether-blacklists-hack-linked-addresses-3728791,https://d.ibtimes.com/en/full/4519999/crypto-hacking.jpg,2024-04-03T10:21:34Z,"KEY POINTS
<ul><li>Blockchain security firms first reported 'suspicious' activity on the exchange early Tuesday</li><li>FixedFloat said the hackers detected a 'vulnerability of a third party' whose … [+3979 chars]",,International Business Times
37,"Ben Weiss, Leo Schwartz","Monad Labs in talks to raise more than $200 million round led by Paradigm, valuing the Jump Crypto-linked startup at $3 billion","As the prices of digital assets skyrocket, the Monad round would be the largest in crypto so far in 2024.",https://fortune.com/crypto/2024/03/11/monad-paradigm-venture-capital-crypto-jump-bitcoin/,"https://content.fortune.com/wp-content/uploads/2024/03/crypto-coins-5.jpeg?resize=1200,600",2024-03-11T19:37:43Z,"Massive crypto raises are back: Paradigm, the venture firm behind many of the industrys top startups, is in talks to lead a round north of $200 million for Monad Labs, a startup that aims to build a … [+4334 chars]",fortune,Fortune
38,Paolo Tasca,The Struggle for Currency Supremacy,"The question of whether the US dollar will be dethroned by a cryptocurrency, a stablecoin, or some other digital asset or payments system ultimately misses the point. What really matters is the mix of possible alternatives that today's evolving financial land…",https://www.project-syndicate.org/onpoint/currency-competition-dollar-is-supreme-but-digital-assets-complicate-picture-by-paolo-tasca-2024-03,https://webapi.project-syndicate.org/library/47804d35517e6cd567a6d0d7c8221a14.2-1-super.1.jpg,2024-03-29T09:24:02Z,"The question of whether the US dollar will be dethroned by a cryptocurrency, a stablecoin, or some other digital asset or payments system ultimately misses the point. What really matters is the mix o… [+13050 chars]",,Project Syndicate
39,Daniel Kuhn,Meme Coins Going Legit Is the Worst Thing for Meme Coins,Institutions like Franklin Templeton are taking meme coins increasingly seriously this cycle. But will these joke-y projects run afoul of regulators?,https://www.coindesk.com/consensus-magazine/2024/03/15/meme-coins-going-legit-is-the-worst-thing-for-meme-coins/,https://www.coindesk.com/resizer/LtJRzYdP9HsRd033JjnsFZ26g4U=/1200x628/center/middle/cloudfront-us-east-1.images.arcpublishing.com/coindesk/73X6DACWJZC4HMKXKLYS2RTWPA.jpg,2024-03-15T17:51:35Z,"When Elon Musk semi-ironically endorsed dogecoin during the last bull run, most people saw it as a joke: a high-profile business guy playing with the funny money. Nobody is laughing anymore. These da… [+5788 chars]",,CoinDesk
40,Marvie Basilan,Crypto Wallet Hardware Provider Trezor's X Account Hacked For Fake Token Presale,"Trezor's X handle has been compromised, with hackers posting a fake token presale promotion, not even a month after Beoble's account was hacked.",https://www.ibtimes.com/crypto-wallet-hardware-provider-trezors-x-account-hacked-fake-token-presale-3727703,https://d.ibtimes.com/en/full/4488113/7.jpg,2024-03-21T05:22:11Z,"KEY POINTS
<ul><li>ZachXBT said the hackers stole only a little over $8,000 in the breach</li><li>Some users said the latest hacking incident raises concerns about X's security systems</li><li>Aside… [+3429 chars]",,International Business Times
41,Jake Simmons,"Analyst Presents Top 10 Cryptos To Turn $5,000 Into $500,000 By 2025","In a thread on X (formerly Twitter), the popular crypto analyst known as cyclop (@nobrainflip) delivered a bold forecast to his substantial following of 394,000. He proclaimed, “We are close to the biggest altseason in history. Everyone will make x50-x100 on …",http://www.newsbtc.com/news/analyst-top-10-crypto-turn-5000-into-500000/,https://www.newsbtc.com/wp-content/uploads/2023/03/space-shuttle-in-sky-with-stars-and-clouds-rocket-in-deep-space-scifi-picture-id1360144430.jpg?fit=1280%2C720,2024-03-25T18:00:30Z,"In a thread on X (formerly Twitter), the popular crypto analyst known as cyclop (@nobrainflip) delivered a bold forecast to his substantial following of 394,000. He proclaimed, “We are close to the b… [+5585 chars]",,newsBTC
42,Uzair Amir,Enhancing Blockchain Randomness To Eliminate Trust Issues Once For All,"By Uzair Amir
Blockchains lack true randomness, hindering applications like fair games, DeFi, and NFTs. Pyth Network’s “Pyth Entropy” solves this…
This is a post from HackRead.com Read the original post: Enhancing Blockchain Randomness To Eliminate Trust Issu…",https://www.hackread.com/blockchain-randomness-eliminate-trust-issues/,https://www.hackread.com/wp-content/uploads/2024/03/blockchain-randomness-eliminate-trust-issues.jpg,2024-03-12T12:59:33Z,"Blockchains lack true randomness, hindering applications like fair games, DeFi, and NFTs. Pyth Network’s “Pyth Entropy” solves this with provably fair, trustless random number generation. It’s fast, … [+9353 chars]",,HackRead
43,BobWP,Do The Woo Community: End of the Year Emerging Tech with Kathy Zant and Dave Lockie,"In this episode, Kathy and Dave discuss the influence of AI and blockchain on content creation, the rise of businesses using OpenAI API, and the potential of using blockchain for content authentication. They also explore the options for WordPress content and …",https://dothewoo.io/end-of-the-year-emerging-tech-with-kathy-zant-and-dave-lockie/,https://i0.wp.com/dothewoo.io/wp-content/uploads/2023/09/Do-the-Woo-Podcast-All-Things-WordPress-WooCommerce-Emerging-Tech-Episode-429.jpeg?fit=1200%2C1200&ssl=1,2024-03-28T14:15:31Z,"December 13, 2023
Thanks to Our Pod Friends
There is also talk about the rise of businesses building on the OpenAI API and exploring the intersection of AI and crypto, noting that as AI threatens c… [+21998 chars]",,Dothewoo.io
44,coindesk.com,"Bitcoin Vaults Over $70K, Hits New Highs","Learn more about Consensus 2024, CoinDesk's longest-running and most influential event that brings together all sides of crypto, blockchain and Web3 . Head to consensus.coindesk.com to register and buy your pass now .#coindesk",https://biztoc.com/x/2ea1e4ca3276fd21,https://c.biztoc.com/p/2ea1e4ca3276fd21/og.webp,2024-03-11T08:04:08Z,"Learn more about Consensus 2024, CoinDesk's longest-running and most influential event that brings together all sides of crypto, blockchain and Web3 . Head to consensus.coindesk.com to register and b… [+68 chars]",,Biztoc.com
45,PR DESK,Bitget Expands BRC20 Ecosystem Zone With BeFi Labs (BEFI) Token Listing,"The top cryptocurrency exchange and Web3 firm, Bitget, has added BeFi Labs-based BEFI tokens to its BRC20 zone, which offers popular tokens on the Bitcoin Ordinals chain. The Bitget exchange currently accepts trades for the BEFI tokens, which were immediately…",https://zycrypto.com/bitget-expands-brc20-ecosystem-zone-with-befi-labs-befi-token-listing/,https://zycrypto.com/wp-content/uploads/2024/03/unnamed-75.jpg,2024-03-25T10:56:03Z,"The top cryptocurrency exchange and Web3 firm, Bitget, has added BeFi Labs-based BEFI tokens to its BRC20 zone, which offers popular tokens on the Bitcoin Ordinals chain. The Bitget exchange currentl… [+2251 chars]",,ZyCrypto
46,ankr.com,Introducing Neura: A New Era of AI x Blockchain Innovation,"Ankr has never been more thrilled to release the latest innovation from our team – Neura. Neura is a revolutionary blockchain that seamlessly integrates AI, cloud computing, and Web3 technologies, creating a transformative era for digital innovation across al…",https://biztoc.com/x/a58e991c2de8ef96,https://c.biztoc.com/p/a58e991c2de8ef96/s.webp,2024-03-26T22:34:18Z,"Ankr has never been more thrilled to release the latest innovation from our team Neura. Neura is a revolutionary blockchain that seamlessly integrates AI, cloud computing, and Web3 technologies, crea… [+278 chars]",,Biztoc.com
47,coinpedia.org,"Weekly Crypto Roundup: Current News, Blockchain Trends, Bitcoin and Stablecoin Analysis, and More Insights","The post Weekly Crypto Roundup: Current News, Blockchain Trends, Bitcoin and Stablecoin Analysis, and More Insights. appeared first on Coinpedia Fintech News This analysis report, backed by quality data, covers the major developments the Web3, Blockchain, and…",https://biztoc.com/x/42e90887c7b47088,https://c.biztoc.com/p/42e90887c7b47088/s.webp,2024-03-23T15:14:10Z,"The post Weekly Crypto Roundup: Current News, Blockchain Trends, Bitcoin and Stablecoin Analysis, and More Insights. appeared first on Coinpedia Fintech NewsThis analysis report, backed by quality da… [+309 chars]",,Biztoc.com
48,coinpedia.org,"Top Crypto News Weekly: ETFs, Blockchain Developments, Altcoin Surges, and Bitcoin Trends","The post Top Crypto News Weekly: ETFs, Blockchain Developments, Altcoin Surges, and Bitcoin Trends appeared first on Coinpedia Fintech News This analysis report, backed by quality data, covers the major developments the Web3, Blockchain and Crypto sector has …",https://biztoc.com/x/3ddb6b0d357ebd61,https://c.biztoc.com/p/3ddb6b0d357ebd61/s.webp,2024-03-31T03:58:06Z,"The post Top Crypto News Weekly: ETFs, Blockchain Developments, Altcoin Surges, and Bitcoin Trends appeared first on Coinpedia Fintech NewsThis analysis report, backed by quality data, covers the maj… [+319 chars]",,Biztoc.com
49,beincrypto.com,"Blockchain Futurist Conference to Showcase the Future of Bitcoin, Web3, and Cryptocurrency",Editorial Note: The following content does not reflect the views or opinions of BeInCrypto. It is provided for informational purposes only and should not be interpreted as financial advice. Please conduct your own research before making any investment decisio…,https://biztoc.com/x/ce7370bb470fdbf6,https://c.biztoc.com/p/ce7370bb470fdbf6/s.webp,2024-03-22T11:56:32Z,Editorial Note: The following content does not reflect the views or opinions of BeInCrypto. It is provided for informational purposes only and should not be interpreted as financial advice. Please co… [+326 chars],,Biztoc.com
50,investorplace.com,3 Cryptos to Remind Everyone That Web3 Is Still Worth Betting On,"While the rally of Bitcoin ( ) and the broader crypto market is well underway (and far from over, in my opinion), there are some Web3 cryptos that every investor should have on their watchlist. Web3, the idea of a decentralized internet built on blockchain te…",https://biztoc.com/x/d773fec6ac7b1cb0,https://c.biztoc.com/p/d773fec6ac7b1cb0/s.webp,2024-03-14T17:50:34Z,"While the rally of Bitcoin ( ) and the broader crypto market is well underway (and far from over, in my opinion), there are some Web3 cryptos that every investor should have on their watchlist.Web3, … [+288 chars]",,Biztoc.com
51,cryptoslate.com,Polygon spin-off Avail partners with dWallet to bring programmable Bitcoin to Web3 rollups,"Avail, a modular blockchain focused on unifying Web3 and optimizing data availability for scalable applications, has partnered with dWallet Network to introduce programmable native Bitcoin to rollups in the Avail ecosystem. Polygon co-founder Anurag Arjun spu…",https://biztoc.com/x/5961a8c1cf5cf36b,https://c.biztoc.com/p/5961a8c1cf5cf36b/s.webp,2024-04-02T13:44:06Z,"Avail, a modular blockchain focused on unifying Web3 and optimizing data availability for scalable applications, has partnered with dWallet Network to introduce programmable native Bitcoin to rollups… [+299 chars]",,Biztoc.com
52,coindesk.com,ARK 21Shares Bitcoin ETF Hits $200M Daily Inflows for First Time,"Learn more about Consensus 2024, CoinDesk's longest-running and most influential event that brings together all sides of crypto, blockchain and Web3 . Head to consensus.coindesk.com to register and buy your pass now .#coindesk",https://biztoc.com/x/02bc487d9336b6f3,https://c.biztoc.com/p/02bc487d9336b6f3/og.webp,2024-03-28T14:30:11Z,"Learn more about Consensus 2024, CoinDesk's longest-running and most influential event that brings together all sides of crypto, blockchain and Web3 . Head to consensus.coindesk.com to register and b… [+68 chars]",,Biztoc.com
53,Liam 'Akiba' Wright,Polygon spin-off Avail partners with dWallet to bring programmable Bitcoin to Web3 rollups,"Avail, a modular blockchain focused on unifying Web3 and optimizing data availability for scalable applications, has partnered with dWallet Network to introduce programmable native Bitcoin to rollups in the Avail ecosystem. Polygon co-founder Anurag Arjun spu…",https://cryptoslate.com/polygon-spin-off-avail-partners-with-dwallet-to-bring-programmable-bitcoin-to-web3-rollups/,https://cryptoslate.com/wp-content/uploads/2024/04/bitcoin-wallet.jpg,2024-04-02T13:30:13Z,"Avail, a modular blockchain focused on unifying Web3 and optimizing data availability for scalable applications, has partnered with dWallet Network to introduce programmable native Bitcoin to rollups… [+3929 chars]",,CryptoSlate
54,Chainwire,Avail Partners With dWallet Network To Introduce Native Bitcoin Rollups to Web3,"Dubai, United Arab Emirates, April 2nd, 2024, Chainwire Following the integration, users will be able to natively manage their BTC on any rollup in the Avail ecosystem without relinquishing control over their digital assets Avail, a modular blockchain solutio…",https://coinjournal.net/news/avail-partners-with-dwallet-network-to-introduce-native-bitcoin-rollups-to-web3/,https://coinjournal.net/wp-content/uploads/2024/04/Banner_-_Purple_1712003354JrlJM2Tvw8.jpeg,2024-04-02T13:13:27Z,"Dubai, United Arab Emirates, April 2nd, 2024, Chainwire
Following the integration, users will be able to natively manage their BTC on any rollup in the Avail ecosystem without relinquishing control … [+6122 chars]",,Coinjournal.net
55,"Radhika Parashar, Siddharth Suvarna","Bitcoin-Backed Velar to Launch Native Token Via ByBit, Lauds India for Quick Tech Adoption","Velar is launching its native token by the same name into the trading arena through ByBit. In the upcoming days, Velar also plans to bring a Bitcoin native trading platform that would let users trade in 20 times more than their capital holding and hope for bi…",https://www.gadgets360.com/cryptocurrency/news/velar-bitcoin-blockchain-launch-native-token-bybit-india-quick-tech-adoption-5327692,https://i.gadgets360cdn.com/large/large_2_1711627413821.jpg,2024-03-28T12:04:22Z,"Velar, a Bitcoin-powered liquidity protocol, has announced the launch of its native token that also goes by the same name. The token is being launched into the trading arena through ByBit, touted as … [+2749 chars]",,Gadgets360.com
56,Nuntawun Polkuamdee,Cryptomind targets managing assets worth B3bn in 2024,"Cryptomind Group Holdings is targeting assets under management (AUM) for the group's digital asset fund manager to triple to 3 billion baht this year, thanks to the cryptocurrency market bull run.",https://www.bangkokpost.com/business/general/2757833/cryptomind-targets-managing-assets-worth-b3bn-in-2024,https://static.bangkokpost.com/media/content/dcx/2024/03/13/5086348_700.jpg,2024-03-12T23:03:00Z,"Cryptomind Group Holdings is targeting assets under management (AUM) for the group's digital asset fund manager to triple to 3 billion baht this year, thanks to the cryptocurrency market bull run.
S… [+3765 chars]",,Bangkok Post
57,Particle Network,Particle Network Unveils Modular Layer-1 for Chain Abstraction & Universal Accounts,"Particle Network announces its modular Layer 1, revolutionizing the blockchain ecosystem with unified chain abstraction solutions. Particle Network announces its modular Layer 1, revolutionizing the blockchain ecosystem with unified chain abstraction solution…",https://www.globenewswire.com/news-release/2024/03/20/2849589/0/en/Particle-Network-Unveils-Modular-Layer-1-for-Chain-Abstraction-Universal-Accounts.html,https://ml.globenewswire.com/Resource/Download/5629b5bb-643d-49fb-8ab4-0d2f3aede0be,2024-03-20T15:58:00Z,"Singapore, Singapore, March 20, 2024 (GLOBE NEWSWIRE) -- Particle Network
, a leading provider of Account and Wallet Abstraction solutions, has announced its revolutionary Modular Layer-1 powering C… [+4722 chars]",,GlobeNewswire
58,Chainwire,Bitget lists BeFi Labs (BEFI) expanding the BRC20 Ecosystem Zone,"Victoria, Seychelles, March 25th, 2024, Chainwire Bitget, the world’s leading cryptocurrency exchange and Web3 company, has listed BeFi Labs based BEFI tokens in its BRC20 zone, which includes trending tokens on the Bitcoin Ordinals chain. The BEFI tokens hav…",https://coinjournal.net/news/bitget-lists-befi-labs-befi-expanding-the-brc20-ecosystem-zone/,https://coinjournal.net/wp-content/uploads/2024/03/Chainwire-1200_720_16_17113626662XlFPwFp05.jpg,2024-03-25T11:23:30Z,"Victoria, Seychelles, March 25th, 2024, Chainwire
Bitget, the world’s leading cryptocurrency exchange
 and Web3 company, has listed BeFi Labs based BEFI tokens in its BRC20 zone, which includes tre… [+3094 chars]",,Coinjournal.net
59,Eric Lee,The Role of Community in Propelling Web3 Forward,"The inception of Bitcoin in 2009 by Satoshi Nakamoto heralded not just a new digital currency but a communal revolution within technology spaces. Early adopters, spanning tech aficionados to developers across the globe, congregated on digital platforms like B…",https://www.cryptocynews.com/the-role-of-community-in-propelling-web3-forward/,https://www.cryptocynews.com/wp-content/uploads/2023/04/cryptocy-2-1.png,2024-04-01T08:13:15Z,"The inception of Bitcoin in 2009 by Satoshi Nakamoto heralded not just a new digital currency but a communal revolution within technology spaces. Early adopters, spanning tech aficionados to develope… [+3974 chars]",,Cryptocynews.com
60,PR DESK,Avail Joins Forces With dWallet Network To Introduce Native Bitcoin Rollups to Web3,"With the integration, users can effortlessly manage their BTC on any rollup within the Avail ecosystem while maintaining full control over their digital assets. Avail has partnered with dWallet Network to introduce programmable native Bitcoin to rollups withi…",https://zycrypto.com/avail-joins-forces-with-dwallet-network-to-introduce-native-bitcoin-rollups-to-web3/,https://zycrypto.com/wp-content/uploads/2024/04/unnamed-98.jpg,2024-04-02T15:42:11Z,"With the integration, users can effortlessly manage their BTC on any rollup within the Avail ecosystem while maintaining full control over their digital assets.
Avail has partnered with dWallet Netw… [+5045 chars]",,ZyCrypto
61,coinjournal.net,Avail Partners With dWallet Network To Introduce Native Bitcoin Rollups to Web3,"Dubai, United Arab Emirates, April 2nd, 2024, Chainwire Following the integration, users will be able to natively manage their BTC on any rollup in the Avail ecosystem without relinquishing control over their digital assets Avail, a modular blockchain solutio…",https://biztoc.com/x/bceee0de79c291c9,https://c.biztoc.com/p/bceee0de79c291c9/s.webp,2024-04-02T13:16:11Z,"Dubai, United Arab Emirates, April 2nd, 2024, ChainwireFollowing the integration, users will be able to natively manage their BTC on any rollup in the Avail ecosystem without relinquishing control ov… [+298 chars]",,Biztoc.com
62,coinspeaker.com,Binance Inscription Marketplace Boosts Web3 Access with ARC-20 Token Support,"Coinspeaker Binance Inscription Marketplace Boosts Web3 Access with ARC-20 Token Support In the latest development on April 3, crypto exchange Binance announced that the Binance Inscription Marketplace will now start supporting the ARC-20 tokens. The ARC-20 i…",https://biztoc.com/x/acddd1659531d2a6,https://c.biztoc.com/p/acddd1659531d2a6/s.webp,2024-04-03T12:10:04Z,"CoinspeakerBinance Inscription Marketplace Boosts Web3 Access with ARC-20 Token SupportIn the latest development on April 3, crypto exchange Binance announced that the Binance Inscription Marketplace… [+316 chars]",,Biztoc.com
63,coinjournal.net,to its Platform: A New Meme Coin on Solana,"Victoria, Seychelles, March 29th, 2024, Chainwire Bitget, a world leading cryptocurrency exchange and web3 company, is excited to announce the listing of NUB (NUB), the latest meme coin to join its array of offerings. NUB, a meme coin based on the Solana bloc…",https://biztoc.com/x/e4516598428091b8,https://c.biztoc.com/p/e4516598428091b8/s.webp,2024-03-29T12:12:09Z,"Victoria, Seychelles, March 29th, 2024, ChainwireBitget, a world leading cryptocurrency exchange and web3 company, is excited to announce the listing of NUB (NUB), the latest meme coin to join its ar… [+287 chars]",,Biztoc.com
64,cryptonews.com,Ant Group’s ZAN Becomes Core Chain’s Validator to Fortify Blockchains’ Security in Asia-Pacific,"Ant Group’s Web3 security solutions provider ZAN has become a validator on Core Chain – EVM-compatible blockchain secured on Bitcoin. The strategic partnership with validators reinforces blockchains’ security and decentralization, Core Foundation told Crypton…",https://biztoc.com/x/737a6a4b084a0457,https://c.biztoc.com/p/737a6a4b084a0457/s.webp,2024-04-02T06:48:07Z,Ant Groups Web3 security solutions provider ZAN has become a validator on Core Chain EVM-compatible blockchain secured on Bitcoin.The strategic partnership with validators reinforces blockchains secu… [+297 chars],,Biztoc.com
65,Axiomesh,TIMC-driven Modular Blockchain - Axiomesh: Dedicated to Building a New Paradigm of 'Mass Commercial Adoption',"Hong Kong, China, March 18, 2024 (GLOBE NEWSWIRE) -- Axiomesh, an advanced modular blockchain framework, recently announced its groundbreaking initiative to revolutionize the Web3 landscape. At the core of this initiative is the Trusted Inter-Module Communica…",https://www.globenewswire.com/news-release/2024/03/18/2848062/0/en/TIMC-driven-Modular-Blockchain-Axiomesh-Dedicated-to-Building-a-New-Paradigm-of-Mass-Commercial-Adoption.html,https://ml.globenewswire.com/Resource/Download/c43d0b74-8fce-481c-b50a-0b9a4731bbdf,2024-03-18T17:00:00Z,"Hong Kong, China, March 18, 2024 (GLOBE NEWSWIRE) -- Axiomesh, an advanced modular blockchain framework, recently announced its groundbreaking initiative to revolutionize the Web3 landscape. At the c… [+8704 chars]",,GlobeNewswire
66,Reuters,Cryptoverse: Ether fettered by fate of spot ETF proposals,"The no. 2 cryptocurrency, which commands less than a fifth of the $2.7 trillion crypto market, has not done poorly. But ether is up just around 53% in the first three months of this year, compared with bitcoin's 65%",https://economictimes.indiatimes.com/markets/cryptocurrency/cryptoverse-ether-fettered-by-fate-of-spot-etf-proposals/articleshow/108963107.cms,"https://img.etimg.com/thumb/msid-108963182,width-1200,height-630,imgsize-233070,overlay-etmarkets/photo.jpg",2024-04-02T05:17:45Z,"Cryptocurrency ether is struggling to keep pace with soaring big brother bitcoin.The no. 2 cryptocurrency, which commands less than a fifth of the $2.7 trillion crypto market, has not done poorly. Bu… [+3511 chars]",the-times-of-india,The Times of India
67,Hassan Maishera,Bitcoin sets a new all-time high at $73k: Will it rally higher ahead of the halving?,Key takeaways Bitcoin has set a new all-time high of $73k and could soar higher in the short term.  The Bitcoin Dogs presale will end in two days and the project has raised more than $10 million so far.  Bitcoin sets a new all-time high at $73k Bitcoin has se…,https://coinjournal.net/news/bitcoin-sets-a-new-all-time-high-at-73k-will-it-rally-higher-ahead-of-the-halving/,https://coinjournal.net/wp-content/uploads/2024/02/1709024613374-7a4f37a2-46f5-4da7-bafc-440485becc98.jpg,2024-03-13T05:33:04Z,"Key takeaways
<ul><li>Bitcoin has set a new all-time high of $73k and could soar higher in the short term. 
</li><li>The Bitcoin Dogs presale will end in two days and the project has raised more th… [+3657 chars]",,Coinjournal.net
68,,[Removed],[Removed],https://removed.com,,1970-01-01T00:00:00Z,[Removed],,[Removed]
69,Nate Whitehill,Layer 2 labyrinth: Navigating scalability and decentralization,"In the latest episode of the SlateCast, CryptoSlate welcomed Roy Hui, the founder of Pellar and LightLink, to discuss the role of enterprise and permissioned blockchains in the evolving world of Web3. Joined by Senior Editor Liam “Akiba” Wright and CryptoSlat…",https://cryptoslate.com/podcasts/layer-2-labyrinth-navigating-scalability-and-decentralization/,https://cryptoslate.com/wp-content/uploads/2024/03/SlateCast-73.jpg,2024-03-19T11:43:47Z,"In the latest episode of the SlateCast, CryptoSlate welcomed Roy Hui, the founder of Pellar and LightLink, to discuss the role of enterprise and permissioned blockchains in the evolving world of Web3… [+5206 chars]",,CryptoSlate
70,Aryze,Mercado Bitcoin Lists eUSD & eGBP Digital Cash stablecoins by ARYZE,Mercado Bitcoin Brazil announces listing of eUSD & eGBP Digital Cash full reserve stablecoins from leading  Danish fintech ARYZE ......,https://www.globenewswire.com/news-release/2024/04/03/2856646/0/en/Mercado-Bitcoin-Lists-eUSD-eGBP-Digital-Cash-stablecoins-by-ARYZE.html,https://ml-eu.globenewswire.com/Resource/Download/b099fe19-6a91-4757-8724-88340051617d,2024-04-03T07:30:00Z,"SÃO PAULO, Brazil and COPENHAGEN, Denmark, April 03, 2024 (GLOBE NEWSWIRE) -- Mercado Bitcoin (MB), the largest digital asset platform in Latin America, has expanded its listings of Digital Cash stab… [+2678 chars]",,GlobeNewswire
71,Oluwapelumi Adejumo,Google adding Ethereum Name Service data into search results through Etherscan,"Tech giant Google has integrated Ethereum Name Service (ENS) data into its search results through data available from Etherscan. CryptoSlate confirmed this feature by testing it with several ENS addresses, including Vitalik.eth, an address belonging to Vitali…",https://cryptoslate.com/?p=406240,https://cryptoslate.com/wp-content/uploads/2024/03/ethereum-ens.jpg,2024-03-22T10:02:48Z,"Tech giant Google has integrated Ethereum Name Service (ENS) data into its search results through data available from Etherscan.
CryptoSlate confirmed this feature by testing it with several ENS add… [+2649 chars]",,CryptoSlate
72,Hassan Maishera,Bitcoin Dogs prepare for exchange listing after raising $13.4m in presale,Key takeaways The Bitcoin Dogs presale has ended and the project has raised nearly $13.5 million. The team is now working to list $0DOG on exchanges while allowing investors to claim their tokens.  What is Bitcoin Dogs? The cryptocurrency market has been bear…,https://coinjournal.net/news/bitcoin-dogs-prepare-for-exchange-listing-after-raising-13-4m-in-presale/,https://coinjournal.net/wp-content/uploads/2024/03/1710911190546-dca097cc-93b6-487a-b96e-84b706d54aa4.jpg,2024-03-20T05:13:09Z,"Key takeaways
<ul><li>The Bitcoin Dogs presale has ended and the project has raised nearly $13.5 million.
</li><li>The team is now working to list $0DOG on exchanges while allowing investors to cla… [+2784 chars]",,Coinjournal.net
73,AMBCrypto Team,Web3 and the future of Bets.io,"The concept of Web3 has been rapidly gaining traction across various industries, presenting itself as […]",https://ambcrypto.com/web3-and-the-future-of-bets-io/,https://statics.ambcrypto.com/wp-content/uploads/2024/03/andrey-tikhonovskiy-w5uxNX3Pm9o-unsplash-1000x600.jpg,2024-03-11T09:00:14Z,"The concept of Web3 has been rapidly gaining traction across various industries, presenting itself as the next frontier of innovation. However, many industry experts remain dubious about its potentia… [+9201 chars]",,Ambcrypto.com
74,Oluwapelumi Adejumo,CoinList’s spring 2024 batch shines a spotlight on next-gen crypto projects,"CoinList, a leading Web3 launchpad platform, has selected ten promising crypto projects for its 2024 spring batch Seed projects, according to an April 2 statement shared with CryptoSlate. The projects were selected from over 350 applicants vying for inclusion…",https://cryptoslate.com/coinlists-spring-2024-batch-shines-a-spotlight-on-next-gen-crypto-projects/,https://cryptoslate.com/wp-content/uploads/2024/04/seed-spring-.jpg,2024-04-02T15:00:06Z,"CoinList, a leading Web3 launchpad platform, has selected ten promising crypto projects for its 2024 spring batch Seed projects, according to an April 2 statement shared with CryptoSlate.
The projec… [+2621 chars]",,CryptoSlate
75,PR DESK,Bitcoin Dogs Raises Over $10.6M As It Nears Final 48 Hours of its Presale,"As the last 48 hours of its presale draw near, Bitcoin Dogs has raised an astounding sum of $10.6 million. Following this, the 0DOG tokens will go up for trade to the general public. On February 14th, the initial coin offering (ICO) for the first token create…",https://zycrypto.com/bitcoin-dogs-raises-over-10-6m-as-it-nears-final-48-hours-of-its-presale/,https://zycrypto.com/wp-content/uploads/2024/03/unnamed-49.jpg,2024-03-13T11:51:18Z,"As the last 48 hours of its presale draw near, Bitcoin Dogs has raised an astounding sum of $10.6 million. Following this, the 0DOG tokens will go up for trade to the general public.
On February 14t… [+3260 chars]",,ZyCrypto
76,InvestorsObserver,"""Cards Ahoy!"" x ""naraka"": The First Shot of Chain Game Revival with a 90% Retention Rate","""Cards Ahoy!"" x ""NARAKA"": The First Shot of Chain Game Revival with a 90% Retention Rate PR Newswire HONG KONG , March 15, 2024 /PRNewswire/ -- At the beginning of 2024, the SEC officially approved 11 Bitcoin spot ...",https://www.investorsobserver.com/news/qm-pr/5220909125880933,https://s3.amazonaws.com/images.investorsobserver.com/io-logo-800x450.jpg,2024-03-15T04:10:00Z,"HONG KONG
,
March 15, 2024
/PRNewswire/ -- At the beginning of 2024, the SEC officially approved 11
Bitcoin
spot ETF applications, marking a significant step towards the legalization and mainstr… [+12490 chars]",,InvestorsObserver
77,MetaEra,"Upcoming Hong Kong Web 3.0 Spring Summit: Exclusive Reveal of Guest Speakers, Conference Agenda, and Partnerships","Hong Kong, March 14, 2024 (GLOBE NEWSWIRE) -- The Hong Kong Web3.0 Spring Summit, jointly hosted by MetaEra, Web3 Labs, Ipollo, and Cronos Trade and sponsored by AINN Layer 2, CertiK, PSE Trading, Neo, and Gryphsis Academy, is set to have a grand opening from…",https://www.globenewswire.com/news-release/2024/03/14/2846409/0/en/Upcoming-Hong-Kong-Web-3-0-Spring-Summit-Exclusive-Reveal-of-Guest-Speakers-Conference-Agenda-and-Partnerships.html,https://ml.globenewswire.com/Resource/Download/788e72e3-fcd3-459c-a621-5e6db3b7d5c3,2024-03-14T14:00:00Z,"Hong Kong, March 14, 2024 (GLOBE NEWSWIRE) -- The Hong Kong Web3.0 Spring Summit, jointly hosted by MetaEra, Web3 Labs, Ipollo, and Cronos Trade and sponsored by AINN Layer 2, CertiK, PSE Trading, Ne… [+8475 chars]",,GlobeNewswire
78,PYMNTS,"From Crypto to Coffee, Digital Wallets Signal Shifting Financial Landscape","With Thursday’s (March 21) Department of Justice (DOJ) antitrust suit against Apple, digital wallets are top of mind. And moving over to the Web3 space, on Wednesday (March 20) Bitget Wallet, the digital wallet from the Bitget cryptocurrency exchange, announc…",https://www.pymnts.com/digital-payments/2024/from-crypto-to-coffee-digital-wallets-signal-shifting-financial-landscape/,https://www.pymnts.com/wp-content/uploads/2023/11/digital-wallets.jpg,2024-03-22T20:49:01Z,"With Thursdays (March 21) Department of Justice (DOJ) antitrust suit against Apple, digital wallets are top of mind.
And moving over to the Web3 space, on Wednesday (March 20) Bitget Wallet, the dig… [+4558 chars]",,pymnts.com
79,,Cryptoverse: Ether fettered by fate of spot ETF proposals,"(marketscreener.com) Cryptocurrency ether is struggling
to keep pace with soaring big brother bitcoin.
 The no. 2 cryptocurrency, which commands less than a fifth
of the $2.7 trillion crypto market, has not done poorly. But
ether is up just around 53% in the …",https://www.marketscreener.com/quote/cryptocurrency/ETHEREUM-ETH-EUR-45554095/news/Cryptoverse-Ether-fettered-by-fate-of-spot-ETF-proposals-46333677/,https://www.marketscreener.com/images/reuters/2022-06/2022-06-30T060757Z_1_LYNXMPEI5T05D_RTROPTP_3_FINTECH-CRYPTOCURRENCY.JPG,2024-04-02T05:01:00Z,"April 2 (Reuters) - Cryptocurrency ether is struggling
to keep pace with soaring big brother bitcoin.
The no. 2 cryptocurrency, which commands less than a fifth
of the $2.7 trillion crypto market,… [+3675 chars]",,Marketscreener.com
80,Jason Nelson,Bitcoin DeFi App Sovryn Is Expanding to Ethereum—Here's How,"By expanding from the first to the second largest crypto ecosystem, Sovryn wants to bring its lending, borrowing, and trading services to more people.",https://decrypt.co/221633/bitcoin-defi-app-sovryn-expanding-ethereum-heres-how,https://cdn.decrypt.co/resize/1024/height/512/wp-content/uploads/2023/09/Bitcoin-Ethereum-shutterstock_1318372334-16x9-1-gID_7.jpg,2024-03-14T15:03:36Z,"Bitcoin layer-2 protocol Sovryn is expanding to the Ethereum blockchain with the help of Ethereum Virtual Machine (EVM) developer Build on Bitcoin, the two companies announced on Thursday.
Sovryn is… [+3093 chars]",,Decrypt
81,Reuters,Cryptoverse: Ether fettered by fate of spot ETF proposals,Cryptoverse: Ether fettered by fate of spot ETF proposals,https://www.investing.com/news/stock-market-news/cryptoverse-ether-fettered-by-fate-of-spot-etf-proposals-3360878,https://i-invdn-com.investing.com/news/LYNXNPEB7Q0U9_L.jpg,2024-04-02T05:10:40Z,"By Lisa Pauline Mattackal and Medha Singh
(Reuters) - Cryptocurrency ether is struggling to keep pace with soaring big brother bitcoin.
The no. 2 cryptocurrency, which commands less than a fifth of… [+3540 chars]",,Investing.com
82,AMBCrypto Team,Lif3 partners with BitGo to enhance blockchain security for institutional DeFi assets,"Lif3 (LIF3/USD)(LIF3/USDt), the revolutionary multi-chain DeFi Layer-1 ecosystem that operates on Ethereum, Polygon, BNB Chain, […]",https://ambcrypto.com/?p=376505,https://ambcrypto.com/wp-content/uploads/2024/03/Lif3-1000x600.png,2024-03-14T15:15:34Z,"Lif3 (LIF3/USD)(LIF3/USDt), the revolutionary multi-chain DeFi Layer-1 ecosystem that operates on Ethereum, Polygon, BNB Chain, and Fantom, is thrilled to announce its strategic partnership with BitG… [+4983 chars]",,Ambcrypto.com
83,Chainwire,Lif3 partners with BitGo to Enhance Blockchain Security for Institutional DeFi Assets,"Road Town, British Virgin Islands, March 13th, 2024, Chainwire Lif3 (LIF3/USD)(LIF3/USDt), the revolutionary multi-chain DeFi Layer-1 ecosystem that operates on Ethereum, Polygon, BNB Chain, and Fantom, is thrilled to announce its strategic partnership with B…",https://coinjournal.net/news/lif3-partners-with-bitgo-to-enhance-blockchain-security-for-institutional-defi-assets/,https://coinjournal.net/wp-content/uploads/2024/03/Lif3_Bitfinex_Trading_5_Bitgo_1710358852v4IidNnxk0.jpg,2024-03-13T22:24:12Z,"Road Town, British Virgin Islands, March 13th, 2024, Chainwire
Lif3 (LIF3/USD)(LIF3/USDt), the revolutionary multi-chain DeFi Layer-1 ecosystem that operates on Ethereum, Polygon, BNB Chain, and Fan… [+4981 chars]",,Coinjournal.net
84,Andrew Hayward,Bitcoin-Backed Core Chain Reveals $15 Million in Funding for Builders,"The Core Foundation has wrangled dozens of investors and VCs for a new investment network, and it’s starting in Africa, Latin America, and Southeast Asia.",https://decrypt.co/222708/bitcoin-backed-core-chain-15-million-funding-builders,https://cdn.decrypt.co/resize/1024/height/512/wp-content/uploads/2024/03/core-blockchain-gID_7.png,2024-03-21T14:01:02Z,"The Core Foundation announced Thursday that it has launched the Core Venture Network (CVN), a community of over 50 venture capitalists and investors supporting the development of Core Chain, a Bitcoi… [+1384 chars]",,Decrypt
85,Jason Nelson,Dystopian Thriller RZR Shines Bright in Los Angeles,"Our review and interview featuring David Bianchi's Web3 cyberpunk series, which had a sneak-peek screening in L.A.",https://decrypt.co/220955/dystopian-thriller-rzr-shines-bright-in-los-angeles,https://cdn.decrypt.co/resize/1024/height/512/wp-content/uploads/2024/03/Decrypt-Wallpaper-Format-1600-x-900-px-26-gID_7.png,2024-03-10T13:01:02Z,"Not even a thunderstorm could dampen the excitement around the Web3 dystopian series RZR. On a rainy Thursday night, an intimate group of fans gathered for a private screening of David Bianchis new t… [+7991 chars]",,Decrypt
86,Edge of Company,"Edge Of Co presents NFT LA Community Week March 25-29, 2024","Curiosity, Connection, Co-creation Curiosity, Connection, Co-creation",https://www.globenewswire.com/news-release/2024/03/16/2847357/0/en/Edge-Of-Co-presents-NFT-LA-Community-Week-March-25-29-2024.html,https://ml.globenewswire.com/Resource/Download/f22c99b3-f4eb-41af-ae77-8c5e60746e56,2024-03-16T00:00:00Z,"Los Angeles, California, March 15, 2024 (GLOBE NEWSWIRE) -- Edge Of Company, producers of Outer Edge LA
, and now Outer Edge, Riyadh
, announces NFT LA Community Week
, a decentralized web3 festiv… [+5285 chars]",,GlobeNewswire
87,"Radhika Parashar, Siddharth Suvarna","Crypto Bull Run Spikes Number of Web3-Focussed Funds as Startups Swarm for Funding, Guidance","Startups looking to establish their names in the crypto sector are taking this bull phase seriously and are swarming towards accelerator programmes. While accelerator and investment programmes provide Web3 startups with funding, mentorship, and industry guida…",https://www.gadgets360.com/cryptocurrency/news/crypto-bull-run-web3-funds-startups-accelerator-investment-programmes-mentorship-5351961,https://i.gadgets360cdn.com/large/deal_pexels_Savvas_Stavrinos_large_1678953991251.jpg,2024-04-01T11:18:54Z,"The crypto market valuation, for the first time since 2021, is close to its last all-time high of $3 trillion thanks to Bitcoin, ETH, and other cryptocurrencies undergoing a bull run. Startups lookin… [+4746 chars]",,Gadgets360.com
88,,Metasphere Labs to Host Seminar on Pioneering DeFi Opportunities on Bitcoin,"(marketscreener.com) VANCOUVER, British Columbia, March 14, 2024 -- Metasphere Labs Inc. , a leading innovator in blockchain technology and decentralized finance applications, is thrilled to announce an upcoming online seminar focused on the latest DeFi oppor…",https://www.marketscreener.com/quote/stock/METASPHERE-LABS-INC-132884727/news/Metasphere-Labs-to-Host-Seminar-on-Pioneering-DeFi-Opportunities-on-Bitcoin-46196736/,https://www.marketscreener.com/images/twitter_MS_fdblanc.png,2024-03-14T11:31:01Z,"VANCOUVER, British Columbia, March 14, 2024 (GLOBE NEWSWIRE) -- Metasphere Labs Inc. (formerly Looking Glass Labs Ltd., ""Metasphere"" or the ""Company"") (Cboe Canada: LABZ) (OTC: LABZF) (FRA: H1N), a l… [+7871 chars]",,Marketscreener.com
89,Hassan Maishera,Dogecoin rallies by 28% this week: Will other memecoins follow suit?,"Key takeaways Dogecoin is the best performer amongst the top 10 cryptocurrencies by market cap this week. Bitcoin Dogs prepares to carry out the biggest NFT mint on Bitcoin following its presale. DOGE tops $0.20 after this week’s rally DOGE, the native coin o…",https://coinjournal.net/news/dogecoin-rallies-by-28-this-week-will-other-memecoins-follow-suit/,https://coinjournal.net/wp-content/uploads/2023/07/1690278872522-632a3e80-c55b-4247-a34a-a60ef4e194a8.jpg,2024-03-30T11:07:00Z,"Key takeaways
<ul><li>Dogecoin is the best performer amongst the top 10 cryptocurrencies by market cap this week.
</li><li>Bitcoin Dogs prepares to carry out the biggest NFT mint on Bitcoin followi… [+3081 chars]",,Coinjournal.net
90,Metasphere Labs Inc.,Metasphere Labs to Host Seminar on Pioneering DeFi Opportunities on Bitcoin,"VANCOUVER, British Columbia, March 14, 2024 (GLOBE NEWSWIRE) -- Metasphere Labs Inc. (formerly Looking Glass Labs Ltd., ""Metasphere"" or the ""Company"") (Cboe Canada: LABZ) (OTC: LABZF) (FRA: H1N), a leading innovator in blockchain technology and decentralized …",https://www.globenewswire.com/news-release/2024/03/14/2846176/0/en/Metasphere-Labs-to-Host-Seminar-on-Pioneering-DeFi-Opportunities-on-Bitcoin.html,https://ml.globenewswire.com/Resource/Download/22abd3b5-4faa-4406-a426-f8cd98085965,2024-03-14T11:30:00Z,"VANCOUVER, British Columbia, March 14, 2024 (GLOBE NEWSWIRE) -- Metasphere Labs Inc. (formerly Looking Glass Labs Ltd., ""Metasphere"" or the ""Company"") (Cboe Canada: LABZ) (OTC: LABZF) (FRA: H1N), a l… [+7655 chars]",,GlobeNewswire
91,"Leo Schwartz, Jessica Mathews",The untold story of Kickstarter’s crypto Hail Mary—and the secret $100 million a16z-led investment to save its fading brand,Inside the once-hot startup's struggle to regain its relevance despite a massive check from the crypto arm of the venture giant Andreessen Horowitz.,https://fortune.com/crypto/2024/03/11/kickstarter-blockchain-a16z-crypto-secret-investment-chris-dixon/,"https://content.fortune.com/wp-content/uploads/2024/03/Kickstarter-Rise-and-Fall-Perry-Chen-Chris-Dixon.jpg?resize=1200,600",2024-03-11T12:00:00Z,"In early December 2021, employees at the crowdfunding startup Kickstarter got news of a windfall: An investor group wanted to buy some of their shares. The news came as a surprise. While the workers … [+25211 chars]",fortune,Fortune
92,Elaine Zhu,Asia’s crypto revolution: Web3 growth in the East,"Over the years, the Asia Pacific region (APAC) has established itself as an impressive environment for the rapidly growing technology industry. From the bustling tech hub of Singapore to the financial might of Hong Kong, the flourishing Web3 community in Viet…",https://cryptoslate.com/asias-crypto-revolution-web3-growth-in-the-east/,https://cryptoslate.com/wp-content/uploads/2024/01/hongkong.jpg,2024-03-17T00:00:13Z,"Over the years, the Asia Pacific region (APAC) has established itself as an impressive environment for the rapidly growing technology industry. From the bustling tech hub of Singapore to the financia… [+5791 chars]",,CryptoSlate
93,Business Wire,United for Bitcoin: 20+ Crypto Organizations Join Global Bitcoin Emoji Initiative,"Crypto companies, non-profit organizations, decentralized communities, and VC funds join hands to push for an official Bitcoin emoji, added to all digital keyboards VILNIUS, Lithuania — 20+ leading crypto organizations including BTC Inc, Bitget, Brink, Chaina…",https://financialpost.com/pmn/business-wire-news-releases-pmn/united-for-bitcoin-20-crypto-organizations-join-global-bitcoin-emoji-initiative,https://smartcdn.gprod.postmedia.digital/financialpost/wp-content/uploads/2024/03/bw20240312299831_keyvisual-1920x1080402x.jpeg,2024-03-12T16:31:27Z,"Crypto companies, non-profit organizations, decentralized communities, and VC funds join hands to push for an official Bitcoin emoji, added to all digital keyboards
VILNIUS, Lithuania 20+ leading cr… [+5341 chars]",financial-post,Financial Post
94,Solo Ceesay,Web3’s quest for broader adoption mired by complex user interfaces,"Over 15 years ago, Satoshi invented the world’s first independently managed, self-operating financial system through cryptography. He aspired to push us all into a financial renaissance where our aging financial system would be replaced with one that favors n…",https://cryptoslate.com/web3s-quest-for-broader-adoption-mired-by-complex-user-interfaces/,https://cryptoslate.com/wp-content/uploads/2024/03/crypto-wallet.jpg,2024-03-10T14:00:30Z,"Over 15 years ago, Satoshi invented the world’s first independently managed, self-operating financial system through cryptography. He aspired to push us all into a financial renaissance where our agi… [+6634 chars]",,CryptoSlate
95,Jose Antonio Lanz,Bitcoin-Backed Core Network Defies Flat Market With 218% Price Spike,"The CORE token of the Bitcoin-backed Core Network is on a bullish run this week, outperforming BTC itself and other major cryptocurrencies.",https://decrypt.co/224662/bitcoin-backed-core-network-218-percent-price-spike,https://cdn.decrypt.co/resize/1024/height/512/wp-content/uploads/2024/04/Firefly-20240403130016-gID_7.png,2024-04-03T17:28:54Z,"CORE, a rising token in the crypto space, has been defying the flat crypto markets with a remarkable spike of over 218% in just one week.
CORE is the token of Core Network, a Bitcoin-secured, Ethere… [+3440 chars]",,Decrypt
96,Investing.com,Bitcoin bulls eye supply growth drop below 1% for first time ever in April halving,Bitcoin bulls eye supply growth drop below 1% for first time ever in April halving,https://www.investing.com/news/cryptocurrency-news/bitcoin-bulls-eye-supply-growth-drop-below-1-for-first-time-ever-in-april-halving-3341046,https://i-invdn-com.investing.com/news/moved_LYNXMPEHB508M_L.jpg,2024-03-16T14:28:51Z,"Investing.com -- Bitcoin supply growth is set to drop below 1% for the first time ever next month, when the halving event gets underway, underscoring the popular cryptos scarcity premium and likely f… [+3965 chars]",,Investing.com
97,Andrew Hayward,Airdrop Hype Spurs 20% Spike in Crypto Game Players in February,"Play-to-airdrop campaigns and rising token prices helped crypto games pull in 1.9 million daily active wallets, DappRadar reports.",https://decrypt.co/221753/airdrop-hype-spurs-20-percent-spike-crypto-game-players-february,https://cdn.decrypt.co/resize/1024/height/512/wp-content/uploads/2023/10/12c91508-cc00-49ab-b1b1-3e111aec9081-Cropped-gID_7.jpg,2024-03-14T16:42:58Z,"The average number of daily active wallets being connected by players to blockchain games jumped 20% month-over-month in February, DappRadar and the Blockchain Game Alliance announced Thursday in the… [+3040 chars]",,Decrypt
98,Alana Benson,"Zengo Wallet Review 2024: Pros, Cons and How It Compares",Zengo Wallet offers an impressive level of security without having to remember a seed phrase.,https://www.nerdwallet.com/article/investing/zengo-wallet-review,https://www.nerdwallet.com/assets/blog/wp-content/uploads/2021/03/GettyImages-1182931615-1440x864.jpeg,2024-03-26T14:08:42Z,"<table><tr><td>The bottom line: Zengo Wallet may be a good option if you dont want to have to remember a seed phrase, but also dont want to compromise at all on security. Zengo doesn't currently have… [+9177 chars]",,NerdWallet
99,Sonia Shaw,Op-ed: Funding isn’t the core solution to bridging the gender gap in Web3,"Web3 has always felt like an inclusive and empowering community to be a part of. In making the transition from traditional finance to DeFi, there has been no lack of support, encouragement, and guidance. Embodying a leadership role as a female has also felt f…",https://cryptoslate.com/?p=404640,https://cryptoslate.com/wp-content/uploads/2024/03/women-web3.jpg,2024-03-23T11:48:31Z,"Web3 has always felt like an inclusive and empowering community to be a part of. In making the transition from traditional finance to DeFi, there has been no lack of support, encouragement, and guida… [+5493 chars]",,CryptoSlate
